{
  "controller/App-dbg.controller.js": 1725082384874,
  "Component.js": 1725014824062,
  "model/models.js": 1725013616830,
  "controller/MyTaskUI.controller.js": 1725013616834,
  "controller/App.controller.js": 1725082384874,
  "manifest.json": 1725089051470,
  "utils/locate-reuse-libs.js": 1725013616830,
  "i18n/i18n.properties": 1725013616830,
  "controller/App.controller.js.map": 1725089051638,
  "model/models-dbg.js": 1725013616830,
  "model/models.js.map": 1725089051631,
  "controller/MyTaskUI-dbg.controller.js": 1725013616834,
  "controller/MyTaskUI.controller.js.map": 1725089051630,
  "Component-dbg.js": 1725014824062,
  "Component.js.map": 1725089051642,
  "utils/locate-reuse-libs-dbg.js": 1725013616830,
  "utils/locate-reuse-libs.js.map": 1725089051647,
  "Component-preload.js": 1725089051863,
  "Component-preload.js.map": 1725089051863,
  "view/MyTaskUI.view.xml": 1725013631870,
  "view/App.view.xml": 1725014458295,
  "css/style.css": 1725013616834,
  "index.html": 1725013616830
}