{
  "ext/controller/DeptObjectcontroller.controller.js.map": 1725089043118,
  "Component.js": 1722227408975,
  "ext/controller/DeptListcontroller.controller.js": 1724736818755,
  "manifest.json": 1725089042931,
  "ext/controller/DeptObjectcontroller.controller.js": 1724733530022,
  "ext/controller/DeptListcontroller-dbg.controller.js": 1724736818755,
  "ext/controller/DeptListcontroller.controller.js.map": 1725089043114,
  "Component-dbg.js": 1722227408975,
  "Component.js.map": 1725089043105,
  "ext/controller/DeptObjectcontroller-dbg.controller.js": 1724733530022,
  "i18n/i18n.properties": 1722227531175,
  "Component-preload.js": 1725089043639,
  "Component-preload.js.map": 1725089043639,
  "index.html": 1722227408979
}