{
  "ext/controller/LecObjectcontroller.controller.js": 1724672138669,
  "manifest.json": 1725089046906,
  "ext/controller/Listcontroller.controller.js": 1724736702879,
  "i18n/i18n.properties": 1722227925778,
  "ext/controller/Attachments.controller.js": 1724047301365,
  "ext/controller/Approval.js": 1723021784308,
  "ext/fragment/Attachments.js": 1724656012252,
  "Component.js": 1722227792439,
  "Component-dbg.js": 1722227792439,
  "Component.js.map": 1725089047057,
  "ext/controller/LecObjectcontroller-dbg.controller.js": 1724672138669,
  "ext/controller/LecObjectcontroller.controller.js.map": 1725089047074,
  "ext/controller/Attachments-dbg.controller.js": 1724047301365,
  "ext/controller/Attachments.controller.js.map": 1725089047057,
  "ext/controller/Approval-dbg.js": 1723021784308,
  "ext/controller/Approval.js.map": 1725089047057,
  "ext/fragment/Attachments-dbg.js": 1724656012252,
  "ext/fragment/Attachments.js.map": 1725089047074,
  "ext/controller/Listcontroller-dbg.controller.js": 1724736702879,
  "ext/controller/Listcontroller.controller.js.map": 1725089047070,
  "Component-preload.js": 1725089047291,
  "Component-preload.js.map": 1725089047291,
  "ext/fragment/Attachments.fragment.xml": 1724232077371,
  "index.html": 1722227792439
}